{"cameraMode":{"drawMode":0,"name":"Shaded","section":"Shading Mode"},"sceneLighting":false,"audioPlay":false,"sceneViewState":{"m_AlwaysRefresh":false,"showFog":true,"showSkybox":false,"showFlares":true,"showImageEffects":true,"showParticleSystems":true,"showVisualEffectGraphs":true,"m_FxEnabled":true},"in2DMode":false,"pivot":{"x":1.748478889465332,"y":3.303110122680664,"z":0.019067049026489259},"rotation":{"x":0.0042853932827711109,"y":-0.016284355893731118,"z":0.00006961072358535603,"w":0.999860405921936},"size":1.9463919401168824,"orthographic":true}